forecast_id,day_1,day_2,day_3,day_4,day_5,day_6,day_7,day_8,day_9,day_10
1,0.9425283239179003,0.7582905382867439,1.0745564867594353,1.1144282749316354,1.000398824241071,0.9904302244581489,0.9083817106655131,0.9887685134292858,0.8414969528956242,0.8800548993169376
2,0.7734862539715172,0.6867981106959465,1.020178473491275,1.2476224953726343,1.2357926444057692,1.022976067081843,0.924261482351464,0.9904313548125563,0.8302292153994825,0.7450620773155112
3,0.784239619436662,0.5090706724496927,0.8151000452780754,1.35039408966537,1.082186710294605,0.867362248204629,0.768872308233835,0.9217209042890301,0.7336583468103488,0.8914255275972647
4,0.7326547991102919,0.7211606111700415,1.0187250187987533,0.9478033546626665,0.9291599950709495,0.7871369508389702,0.7193161887490653,0.7400580817842769,0.7413213410654318,1.0530604096853948
5,0.5914352318675584,0.8620721233268722,0.8308377563558086,0.7623865230053825,0.8769394830265332,0.6611636832595438,0.6019478565745265,0.7610352067332637,0.9627169293495,1.028499799989436
6,0.7601544357249229,0.9241272196920007,0.7911325939904551,0.6226262205689578,0.9992967533332502,0.6634116912601966,0.7102124215195766,0.9232935672664674,1.156251466568895,0.9604366026183135
7,0.7880597906775537,0.7891797196046219,0.6927827992110701,0.7232105958262687,0.7581581710578459,0.740619020733697,0.8730387818406086,0.8946062628423795,0.922398768420966,0.8785988151095108
8,0.6886410956498163,0.7267382250957075,0.7993501992536982,0.6215158134701146,0.9024952148112126,0.8867715547435364,0.8670682707973938,0.6602595382766152,0.8152345000427337,0.8233548911881071
9,0.6953988352473603,0.8416614288653401,0.8076325036112322,0.7793302530958226,1.1210553722293146,0.9027049001077181,0.7754545508156204,0.7232264377187454,0.7475858908577225,0.7136672244704398
10,0.7752284179854898,0.768310576487234,0.9640769919201626,1.1310736741159595,1.0043843753597614,0.8361800249599227,0.8075141889319275,0.7386242614930412,0.6819465221387018,0.8084573259697609
11,0.6527292109726962,0.8683529840024802,1.1984989053341342,1.161222551076523,1.0652262836795372,0.8368458925390363,0.7593165985045595,0.7049717920678256,0.7370880734746936,0.9855202664022726
12,0.6992759139047655,1.1318947962244592,1.0409935773303114,1.0218682787744342,0.9563746844731567,0.723441125971148,0.6367662849540653,0.7013713017466903,0.8960957660287698,0.9346420953219335
13,0.8292975059641452,1.0488205074037242,1.025797072493185,1.015150341837378,0.9909894735810769,0.6701867626066701,0.671156033139122,0.8264360216989919,0.8417467714477773,0.8304503727277099
14,1.1128846195501665,1.138180141397513,0.9374673430820576,1.0519341022474538,0.973468432998435,0.7643818820699937,0.9408314548292438,0.8355560637050665,0.860958390762393,0.8044411516911679
15,0.817553253567629,0.9575216400583998,0.9429731869743452,0.8296954600735531,1.0406321037666444,0.9492337632164107,0.8834084771848598,0.7848113884938233,0.7119198676866327,0.7345090077415105
16,0.8216709219148921,0.9630511651365585,0.8587938392994336,0.9124767374632475,0.9947143988971299,0.8993680815423177,0.8168225593154007,0.7613924928040754,0.689664408367192,0.6267866844817007
17,0.8909747012775547,0.8148001906041705,0.8655188690945512,1.2941605048388538,1.0128399175776626,0.9155744761336317,0.7883262738694337,0.7416519007128293,0.5983154457152764,0.7094547295904376
18,0.8092568692668485,0.8273310206896647,1.0033509720589255,0.9156332660709304,0.9205528271482987,0.8108321487817136,0.7179417477184584,0.6414344532727401,0.6772260304023804,0.874302465477268
19,0.8081676794869692,0.9876613467770405,0.9694394965880142,1.0628938799324987,0.910459045202475,0.8060162406636948,0.6570449272449967,0.7362696434816749,0.867614113760534,0.8681639698773336
20,1.1098940368865218,0.9708422728100736,1.0384820246727349,1.160254893140292,1.0074706708775403,0.7559343855093439,0.7509469556502358,0.8980811344491119,0.8724195132522599,0.8620524424584612
21,1.0553762838006695,0.9236161529415375,0.9562882688481816,0.9237112253615971,0.8414023496355567,0.7575342603871688,0.8632856285554653,0.8978534049322822,0.7710540767028173,0.7869542756760376
22,1.0525092509929264,0.9679194295041809,1.002931336633015,0.9059104765767922,1.0307197855791235,0.9033929302882985,0.8526981332492669,0.8204376748914481,0.7715277214830139,0.6768252215238748
23,1.1790692284671256,0.981950628490788,0.8278280214947223,0.9607236017989182,1.0922702435283056,0.8502082490327203,0.7845086245783751,0.7525120697958652,0.654979329654407,0.5601418968732959
24,1.0259052694807576,0.8345441016905553,0.8534620249567877,1.025411921582501,0.9138769346245991,0.6861359436683321,0.671559869848508,0.6872493068453855,0.5359048662008666,0.6202563046469459
25,0.6598688996954591,0.8932039345762179,1.0866012104688492,0.9580596155231995,0.885616912492873,0.6130665216390067,0.6127874604503996,0.591010363549115,0.6349646480258498,0.7481098094969578
26,0.8618742495980658,1.067525326451677,0.9873775223267911,0.8926321231293564,0.892943918352311,0.68010210476683,0.5505506019352648,0.6689585650431051,0.7830612231923404,0.685858999458119
27,1.2638682630878204,1.0743337621038829,0.9244946665195053,0.8679182035228332,0.7250606833383946,0.6339058612402779,0.6837515453660868,0.8814419997070063,0.8595688890152602,0.4942621034598548
28,1.0415804943069487,0.9489281659497638,0.7682208924970049,0.8092310134925315,0.7921560156810048,0.7212365362370028,0.9318033127242492,0.9432447028819115,0.8312000392578924,0.7304536051380097
29,0.9313846545060638,0.8688717493724077,0.8792981565101003,0.6440119757587363,0.8144861061180024,0.8823812507408082,1.0201084778887342,0.9029531694962577,0.8211171131560342,0.6682414571003796
30,0.804670034843493,0.7973961157008485,0.59706717685884,0.7829985334603402,0.9410674758893549,0.9651760629892743,0.9949825023169363,0.8523525881891743,0.7813095894320277,0.6902774467201658
31,0.7254157496538206,0.6825789966485112,0.794387681919928,0.9027194119809829,0.924086710501723,0.9441063573761753,0.9761124767457473,0.8114582331194048,0.7008026358377948,0.8121149757980126
32,0.5594205322819557,0.7214883840659658,0.9182275231225319,0.8536569250255188,0.9270559027907391,0.8433610726620899,0.836292410427181,0.731437633585444,0.7938999028715292,0.9216930055185782
33,0.6750702036918529,0.8408877433174387,0.8269324963024135,0.8512585003021417,0.892852476630554,0.7510109358976066,0.7258335185497391,0.8440616929745302,0.9070448762611011,0.9018537718942443
34,0.8858434407979338,0.8644876351587983,0.8729765718475102,0.7911514216031912,0.6799614501935005,0.5306846009398173,0.7863284764329569,0.9806459022745504,0.9343327395935501,0.8504877900457894
35,0.9169053705678005,0.8818166276205415,0.8923647321195666,0.6961853861360531,0.5091096027824629,0.6361399912580115,0.9386715978075347,0.9580655508183709,0.8094808398624007,0.76645264369924
36,0.8471383876838945,0.8070679217958456,0.7009490613388426,0.5443970907561628,0.6525271527774439,0.7917465472878913,0.7933135679982601,0.7302031183831786,0.6889439413931451,0.6055285231504655
37,0.8476519370026132,0.6615274089097023,0.5568228557460934,0.6980282672997162,0.7547220884823451,0.8424272580908996,0.7548319030482735,0.7143308515426186,0.7334982937938666,0.4900344976645069
38,0.8723301270111312,0.6046961479280833,0.728134622356882,0.7880696514667601,0.634226224370537,0.7465017869642789,0.7275957272431869,0.6521237741402364,0.4911830333404348,0.5966855849575822
39,0.6603700989664689,0.6882215203631784,0.8076375203542665,0.7216344365829181,0.6436515113649547,0.7390652084260327,0.6199382570905461,0.5012880610226251,0.5643860874555338,0.748146178448956
40,0.7763504369824236,0.903386612359974,0.7599367652673317,0.672175722790336,0.6779096971361793,0.6226565188192481,0.5388098287423473,0.5668399902700569,0.6333884366758951,0.6848183525607188
41,0.9922200917994848,0.8221269603547604,0.7917577174817805,0.6533484497171174,0.5623581950115712,0.5392010153081908,0.6183696629025337,0.7677510405191967,0.7604793771057264,0.5675049870641407
42,0.9223120085151046,0.8760923929400806,0.7902898970075267,0.5773812276535905,0.508096061838029,0.6820610858250262,0.7911573700548205,0.841907514322393,0.6567960195170908,0.5518649577890373
43,1.5150242888293817,1.0828878971201088,0.7385127200564248,0.5844584393828393,0.7621691664592357,0.892928300220226,0.862321511829217,0.7973633154025512,0.9849073981988223,0.531906092834723
44,0.8458907304850518,0.7650249938774818,0.5809223430714683,0.6250532819177625,0.8233370378199774,0.8989978869792263,0.8014176733303608,0.7099856986179216,0.5975646827206881,0.31037354635095576
45,0.7279110030836334,0.4877157862889697,0.5454897760132211,0.7881682920616362,0.8559811028946258,0.860814323007854,0.7582596781459954,0.6629314050383175,0.5103836818944134,0.3964035842836335
46,0.6824876163307754,0.752411879656022,0.8532277260164461,0.7688153766667462,0.9563441295922952,0.6080454439049204,0.6774060135321289,0.5944187424791672,0.6137035500538586,0.7564430353401417
47,0.7016092975676229,1.171366905052636,0.8866314462273331,0.7033676753733853,0.8590094061114254,0.7059661783544648,0.6101634814953039,0.7515565954997923,0.8488480690198226,0.883881155371667
48,1.0745650071097894,0.7878491108902945,0.6786543661461658,0.6581658762460871,0.6019375223322342,0.5772982106431366,0.7581429582743038,0.9502038993380365,0.9847601106646537,0.8333144590340622
49,1.11341861300196,0.835674055486691,0.7717917280657558,0.3875585478032557,0.7356624967102935,0.6253490273248954,0.8779661256648932,0.9609380624509748,0.924761995342696,0.8016234137748597
50,0.871748125927419,0.8507248438098305,0.6250758782215189,0.7658386198859491,0.8555858578667924,1.0212096197269844,0.8545749734586843,0.8713614121012034,0.8355705127114168,0.7313558712162037
51,1.0502708139383814,0.8791786322869304,0.9434113780568503,0.7983957253733717,0.8943538963320267,0.9380074514756042,0.8258252389167829,0.8189087006121588,0.780622205793406,0.6896468638196054
52,0.8440114164315058,0.5188684586532037,0.9034602201204143,0.8411119620595341,1.0401281131740396,0.8289689942426042,0.8046586573705445,0.7684599477757297,0.6763155170352282,0.7395104668961523
53,0.6217411711887,0.7355155175705124,0.9801985777294253,0.8176139017879386,0.9721462572257464,0.8906672022511221,0.7533049146134585,0.666443703476761,0.7291267609316333,0.8312241008941594
54,0.824195011329995,0.9625822443193601,0.8773278081478477,0.8503453482661778,0.9183924565935991,0.7837960002522215,0.6581931778061466,0.7459159084062759,0.8298336590461151,0.8368185375391245
55,1.3479215877909339,1.0118204520091714,0.9207441002131962,0.8760266908571857,0.7935079159279933,0.6229624443016477,0.7255007454808395,0.9409455705316213,0.8615872873397625,0.7801138575491169
56,1.1782482587874696,1.0064618005458168,0.8755710123303827,0.8795360641220538,0.7450156455351113,0.7926260383519258,0.8922251806846853,1.0184753801443438,0.8040456608070741,0.7712040159786713
57,1.0240425409231153,0.8990427396637753,0.7989868044553637,0.7989720590026361,0.9730157933299546,1.0379594677137014,0.9661873675718486,0.9579576070948527,0.8395038282675333,0.7822224984284474
58,1.17527430407074,1.027597773157705,0.8947228368807248,0.9500369786967554,1.2203000524605634,1.0095666522009985,0.9003305896966207,0.9310941573475828,0.7683320834447702,0.6948143439929658
59,0.8815546798650622,0.7076814611628994,0.805954673664028,0.9741901391662691,0.994687323107764,0.8268295772849741,0.7911132296553823,0.8403809068331053,0.6633745823321112,0.7543000996030589
60,0.9004934312593473,0.8522034109586479,1.1337122108540243,0.8966481042483169,0.8499612436217572,0.6776475092524478,0.6887787843055431,0.7362193378305188,0.7065875591606554,0.8915692719891898
61,1.2239407618313032,1.1778076550120453,1.027001840901411,0.7944916284700791,0.8713337737909685,0.7055553548648652,0.6573658885051866,0.8088283596490025,0.8833835837627895,0.9393049813832337
62,1.3365589064947296,1.2249236490122328,0.9878017322774736,0.7782294962082446,0.7580258000308681,0.7021057270199492,0.8480201825002638,1.039655103066916,0.9473461059514559,0.867861111228947
63,1.1919297747541184,1.2151410592789107,1.0544226250767967,0.9771091736842363,0.7705386635708913,0.8730003517046148,1.0055922380713818,1.1623868319056987,0.9350386533600397,0.8688123407267301
64,1.3736485776271543,1.2137484935703635,1.2035712383993689,1.0252710580224498,1.1921701393267836,1.0772033660480043,1.0473548933368226,1.1379083546723583,0.9110791756655974,0.8917084178950406
65,1.1297948999983078,1.1010018584752628,1.034170224193961,1.1003992674061334,1.2210791085143997,1.0610828437493178,0.9837495705919914,1.0699245183993056,0.8688605879150357,0.8279018158022157
66,1.0114571522968612,1.0545739043458306,1.0880024107023998,1.2610639244199477,1.6154090925693398,1.1273551478149686,0.9197079760417323,0.9580801812042523,0.8054956930379797,0.9055667207581659
67,0.657260204268006,1.1972513786719323,1.3023600055259967,1.0827733030903,1.1529038005923522,1.0745982659368298,0.9672847357826236,0.9204317975949767,0.8772824402771433,1.0201195290504816
68,0.9441801788924709,1.2759954546594103,1.2305287352520944,1.0590819197170938,1.318509471547547,0.8453682906774694,0.7254852865641379,1.0171377978725282,1.0037976688624544,0.9817167294000525
69,1.3195814359026004,1.2216283921889555,1.1742427749827098,1.0409216512984893,0.9162629053132865,0.6398576578266586,0.8635774761734691,1.1904816755322596,1.0424961207558407,0.9534292658545642
70,1.0182128464601563,0.9938740694858125,0.99644064110747,0.9837578548266912,0.902414120666529,0.7669632115717164,0.9891752041417241,1.0946592039769305,0.9278752495075254,0.8729019242436638
71,0.8191746740835824,0.9670231026331902,0.9947313498512056,0.9927770265133411,0.9795937237117178,0.9101316661659689,0.8483722115058739,0.7923330320436864,0.7237068083307273,0.7594669651238409
72,0.9919236721981941,0.9339694173760907,0.8788770881500688,0.9594198925894822,1.0892968533731058,1.034634481013795,0.8721382884136649,0.8350972001963444,0.72137720894154,0.7102863273479592
73,0.8863332230093554,0.9433419205422087,0.9873386706191006,1.0894389670018045,1.1011268965621437,0.9332742208186698,0.8336267580276879,0.7931548501660293,0.6981220663166585,0.7711538502929756
74,0.8832238345034544,0.936609699094203,1.1658068407781346,0.9390852249118419,0.874228928682676,0.8347089823171341,0.7936370188689217,0.737034671301551,0.7654232046877422,0.9611065286331523
75,1.0846128320581097,1.2171248474437197,1.0641359399331691,0.9466908180484762,0.9020909528067818,0.7049918453760201,0.6815092475170406,0.8309841008924328,0.925679250260691,0.9335254640584381
76,1.1664322604462645,1.0993300744683414,1.033408909879732,0.9423821759144434,0.74480895905524,0.6457862576586282,0.7639457047623639,0.9957467300238649,0.9724186809762251,0.8791892405533059
77,1.0189510168384692,0.9769333360854053,0.8960217037976049,0.8791716046293682,0.8114622050123326,0.8802084633335092,1.1154245570655332,1.0649653482592047,0.9179441516282433,0.819059595284978
78,0.9607653874759009,0.8950532492086176,0.8947873352585687,0.7612335118760791,0.9187673239500815,0.9684937755474154,0.9924779929476337,0.8606132237796187,0.8409094285054911,0.7836169431152558
79,0.9105165531685411,0.8959746102530005,0.9065220205379816,1.0036590119657816,1.1139344340174948,0.9779181690687988,0.8483193981998872,0.8479442987588328,0.7672521991867499,0.7108237673627322
80,1.0990573178231295,0.9295694402672884,0.996691837555096,1.1602716395360306,0.9274700314795224,0.8243766087067752,0.8503143572246137,0.828780244099631,0.7492873876704632,0.8096056481096308
81,0.8459786531334879,1.0122377734455805,1.1422758462544196,0.9534123034265604,0.9591832579005111,0.7890812348417211,0.722420662892105,0.7688005295152467,0.8099644076182667,0.9838859997624658
82,0.9207246546156559,1.1233923152871954,1.0322982408160095,1.0129062311552575,0.9406714995041281,0.7782292345976918,0.7664763360457656,0.7933680781765051,0.884559809425045,0.9240993414912145
83,1.1942693429720375,1.1285786734979846,1.0493674933425627,1.0146070661895663,0.9488084214648793,0.7181598514411893,0.7378162489648334,0.9522203588743869,0.9781342999938273,0.8831762161233857
84,0.8565240616556322,0.9872777802223154,0.926499557106073,1.1165394706625884,0.8900967421154026,0.8110316443461386,0.8106019502213604,0.9799843935731477,0.8898769097522637,0.8032981031146407
85,0.5212783965173589,0.8942570506662835,0.9221422334757905,0.8270857004128722,0.8913025773870269,0.8713092031914325,0.7225720835712679,0.7515846488380797,0.7692513663554514,0.78093669222612
86,0.5212783965173589,1.0440678020416942,0.9258118421610473,0.9680567908765175,1.0916115916880456,0.8094097230738782,0.5214192870608989,0.7125594342880603,0.7543249231573506,0.6714047735052676
87,1.0313333556158562,1.0536121902413556,0.9600937753619075,1.0948536388238117,0.9259328540662926,0.7235035547391524,0.5212783965173589,0.7080006006561206,0.6767727892703187,0.6735659093122859
88,0.9254713272950637,0.9842175267403036,1.056181045866841,0.9215069803109843,0.5212783965173589,0.7201639223532326,0.6114749347059352,0.6943318329591379,0.7450564772972246,0.8588963658923681
89,1.0582476286763796,0.9751806297317025,0.9983398659205537,0.9315029306058608,0.5047333087679269,0.6963946053206331,0.647790760447132,0.7540975823534548,0.9036381361901289,0.8754696338396849
90,1.4468936185648504,1.1910294325686637,0.942320227499578,0.9239738449515214,0.49263882396559355,0.667008025512831,0.8434497996667172,1.0260295581249341,0.9224366283055433,0.8141786204380419
91,1.190327842949035,0.9579978767607048,0.8571548103281172,0.9278902855056969,0.49263882396559355,0.7483142263026671,0.9247958913920505,0.9707474364197574,0.8600132585677007,0.7930008606509518
92,1.227601719110151,1.0191015534337755,0.8920212712252166,0.9618159877452467,0.9635551604755753,1.0025810032533127,0.9793670600852223,0.8715008547668739,0.8177875956105434,0.7639820691186232
93,1.2050228005772659,1.1374993708730112,1.0033961584160522,0.9553029130885077,0.9683576571027609,0.9378574735828835,0.834741836124884,0.8494038300662949,0.8113002586406693,0.7237722713537131
94,1.2092697073879746,0.96429892579928,0.9295832445540053,1.1083665772713858,0.967339361915787,0.8110445534970864,0.861977590764474,0.8520438526049814,0.752427985203166,0.7849726501067957
95,1.0068248936608337,1.012821231722713,1.1490354695122542,0.9674388053296735,0.9727621192266241,0.8623479433763146,0.7628981767836056,0.7812964095244168,0.8209370918930496,0.9341847470193979
96,1.2870341743735667,1.2756771016718822,1.0288127867790955,0.9631659811590215,0.9726376991358376,0.8137038549930617,0.7497830988297953,0.833370957020849,0.9339507291688227,0.9237847598327815
97,1.4408378715251038,1.1877594897711572,0.981362298417472,0.9848804590326186,0.9509053476080654,0.7604234685128917,0.8122246653291672,1.0448051126904603,0.9999274365334515,0.8878484441496932
98,1.4471105471496575,1.1803232305440778,0.9752223466067681,0.9939040593197681,0.9958540284906495,0.7772547677431518,0.8854267618056175,1.019602674214792,0.9139033784706367,0.837368800466702
99,1.4452448135828961,1.2083945098539337,1.0074631482324745,1.0095481071677959,1.009434375223466,0.908044656843771,1.0046920702119841,0.9254947130039517,0.7864473033823475,0.7951149979166177
100,1.3038542283568164,1.2013496590871322,1.0165855098002068,1.0165549305835135,1.0171008052802628,0.9254883619905753,0.8998258637012572,0.9073176641607206,0.8200215512135947,0.733880707608951
101,1.2796579939046366,1.121234997342149,1.0192722368359013,1.019843360736786,1.0241285703557306,0.8994134433149741,0.8551285049376305,0.864181948887737,0.7651213334437182,0.813994228218189
102,1.0721275343855783,1.080958587730326,1.015766067311474,1.0199540385229269,1.017817805397266,0.8353034363113785,0.7485019325156734,0.7323470000889745,0.6740705934378066,0.9981114722236499
103,1.1222553519800442,1.2585085014929103,1.0200739784710726,1.0179639799160374,1.0188954956041278,0.7972324883718773,0.7214307174772765,0.8529546974557003,0.9717548227512761,0.9855868394041138
104,1.356932273027934,1.2753167336418991,1.0175547620836665,1.0184706878471004,1.0168890390600573,0.757337585621995,0.8941881992784388,1.0296339703683024,0.9996066802586121,0.9178137870995458
105,1.27702795663635,1.2116903451581698,1.0222664999020128,1.020747379729411,1.0512156081223925,0.8170037333392302,1.0626058373585041,1.0414023886757706,0.8992677474746325,0.8459314547905553
106,1.2749850367752522,1.0916195463296103,1.033881739964822,1.013665935183382,1.1976972186142976,0.9106201532050946,0.9765020934217918,0.9240653636431123,0.8219387667289222,0.794116173915026
107,0.9750998765581985,1.0070325739294779,0.8614866724248793,1.0377246428949505,1.3406941480766157,1.114590838724134,0.8277708015298626,0.9057917142549453,0.7949260236870765,0.7343573974997826
108,1.0146684538233859,1.0614875274626598,1.0083202281078365,1.0326073484656304,1.3125086910371229,0.994845849916693,0.896496006049887,0.8656863107293583,0.7909037498746851,0.826256752585466
109,1.0143586274396212,1.1549725839089842,1.3340441912884247,1.035871933004437,1.1724766493016965,0.9424350779576313,0.8338695129363161,0.7983756159553981,0.8824733425410611,1.0454164371227264
110,1.075444949752005,1.2562684000837083,1.2366842024231899,1.1746403582340923,1.0947380500454857,0.8368717139724161,0.7313677260108339,0.8260059483250579,0.9787224898536403,0.992297070483467
111,1.2667971273724947,1.3516869037217518,1.2082927581543328,1.1309302746361494,1.1097405066393002,0.7301760998101463,0.8512007528044043,1.0359889224310508,1.0342050295387826,0.9258489061117972
112,1.3208388390309433,1.2484775790007594,1.1085453609136569,1.0461742412784463,0.9596145353614983,0.9086496682302121,0.9969839853649591,1.0828681823115558,0.9323602019920679,0.8573018399458276
113,1.2917237276430384,1.215761084278254,1.079125203086545,0.914809021629716,0.9878185739376723,1.0819610408202487,0.9510628037867771,0.9546212293061402,0.8455205224717234,0.8012087730238193
114,1.2171049023087575,1.121867157604814,1.0578795672902277,1.0195706599870045,1.0581515170057743,0.9850192633436656,0.9022332089040799,0.8649748506752042,0.7639141799278033,0.7566316811357782
115,1.1432932418672266,1.042908647142002,1.060937253736561,1.2253445567396684,1.0607493690610108,0.8571313708795858,0.8537684513186273,0.8218013883045922,0.7705617087562331,0.7819812289848984
116,1.0545712287094378,1.0947595276260769,1.0604225222919452,1.403198724893127,1.059762209598392,0.9452914601571886,0.8172983264842104,0.8070811065679975,0.8454482292485643,0.9465450621951894
117,1.0005478524379063,1.2155412768340126,1.1081295305495054,1.3400234537434965,1.0619872275989897,0.8660739098194179,0.8125160308778246,0.9263657179668483,1.0553950738132505,1.0229480374329913
118,1.3747303890389047,1.2655243097263953,1.1317412824067454,1.2799260904247756,1.0644550980815919,0.8034168281752381,0.852968544261173,1.1847015633435578,1.088597509030653,1.0602267098262268
119,1.3985554130861586,1.2117299146676672,1.077071188920548,1.061723192781293,1.0664831894879432,0.8342536302562766,0.9464169885126112,1.1187857620272075,1.229449455286205,0.9773659682646647
120,1.1262510141222566,1.0789731277958987,1.0608217688116433,1.0604960825380951,1.0686423883976492,0.9829281415912615,1.0082729982076084,0.9497263561174428,0.8993401451880022,0.860641379665019
121,1.0765365631573092,1.0793771960001595,1.0683682108915264,1.066972403723255,1.0768462296270964,1.0229918559023996,0.9673130582319174,0.9745861997995982,0.9175693516536798,0.8061508025367723
122,1.2391345990741531,1.1252995889540371,1.0421431597091375,1.0831543233638943,1.0822330069257173,0.9648225959167126,0.9864566313033469,0.9189298584464396,0.7955229913136275,0.87236942050062
123,1.2444121942495219,1.1787412413268719,1.428295367344012,1.1836714826962245,1.097824905428385,0.9141834643558966,0.8655722244538463,0.7795595811889375,0.8607562592596789,1.054783285478382
124,1.3042250001938402,1.392490925758006,1.1565990665683206,1.094558701286004,1.104945318633122,0.8605931364077681,0.7927148207295951,0.9289069651352486,1.1347341284315604,1.0530716532219022
125,1.5063942557663403,1.4865601368344064,1.244484312444938,1.0776145047775751,1.1199397786524925,0.8220930008064788,0.8714843646846282,1.067644879064605,1.071957902676377,1.0204716361983763
126,1.468093316457018,1.3315045894176625,1.2011438473653195,1.1659887143069076,1.102826356339355,0.8667962189502036,1.0045412802061056,1.0924074033126945,0.9602455588163076,0.9323233879478663
127,1.2490450412571015,1.059699569273991,1.110913431927411,1.0782749988994507,1.1302017335844634,0.9547828688168992,1.003731207474686,0.9537939840751546,0.8726710353067665,0.8648423428833922
128,1.1124809387862613,1.1197168958246262,1.0694421311733093,1.1975342920696688,1.2700418820770107,0.9737892277378899,0.929315741733262,0.8994317684150468,0.8576456785662888,0.8468317696143921
129,1.0925430161807523,1.0472631809679906,1.1572907629843296,1.244870228551971,1.222834176969451,0.9380956482532556,0.8589768854920556,0.8226727423957017,0.8280185362194883,0.9079376725037471
130,0.8613138286452185,1.0483295274074904,1.3405184978449167,1.3577064326603079,1.3327549174740727,0.9060179785362084,0.7115172695648653,0.7805614012848752,0.9116865814375972,1.003138742236181
131,1.0710753799088997,1.1586281514648131,1.371176538541629,1.3087775825321264,1.2542490229787724,0.9355945522542987,0.7899787266719283,0.9643189036631139,1.0790666047572874,1.0392553184026603
132,1.2820132014840826,1.3678698280975379,1.2166130430019746,1.155813564568413,1.1409802063024768,0.9004023466341444,0.9559957671696682,1.1229615708533445,1.0554254486167596,0.97605616104665
133,1.3537349154243485,1.2048684795096352,1.1584031170211566,1.1932489661311778,1.1088330411173477,0.9532342925028575,1.090055734471496,1.1273934234360343,1.0230886204779681,0.9381934600123468
134,1.2450022556233509,1.2098008161813876,1.1515428935314254,1.1107021917627615,1.1945518403143485,1.0504167224515744,1.077549627661279,1.0032254192456542,0.9485643786665202,0.9111425062166023
135,0.9623333533631124,1.0337243158583143,0.9883611598426112,1.1838771197029125,1.142435492555882,1.0749796664297417,1.0419713181893862,0.937590862361839,0.9048615688262645,0.7731718769584083
136,0.6849405317961953,0.9312147196599541,1.0472953252414614,1.2162503256110984,1.1534536943552791,1.0268554420969753,0.9914198138606065,0.8835602518836408,0.7861703553914225,0.9302525708848304
137,0.8940460823888531,0.9924399697436641,1.1447353217229725,1.0992497001432517,1.1568676751678726,0.9844124901044676,0.9347950387072872,0.8454865549044048,0.9123172726077398,1.0925436675640763
138,1.0638140105035707,1.23490444233835,1.16282356519563,1.1245486611837594,1.1580470293368414,0.9039232691374249,0.6598941716191438,0.8628293299817857,0.9974931698335161,1.02077787291771
139,1.312860916525212,1.2359333159368577,1.1611561879860444,1.2087087925203488,1.168830096642349,0.8347434930419291,0.8798116570411473,1.0183781966186944,1.1610196954459306,0.9590797839000899
140,1.3016710360881514,1.2006743561842737,1.172656284113481,1.2322326346853916,1.16948579466897,0.8758947752909814,1.172459645910926,1.0709230709088502,1.033700757172844,0.9600403312868903
141,1.2932866083168635,1.2362323811635365,1.1891675999096307,1.1649358185243663,1.2722561398279002,0.9971879044786734,1.302143339115658,0.9978919986635104,0.8537245429598342,0.9209898405698038
142,1.1744083682213742,1.2061462546428334,1.1810945668935358,1.244484429382769,1.2398281132544893,1.0438299040486025,1.1806280600497212,1.0100939566494125,0.874049267809146,0.9294642623566989
143,1.090755031299555,1.0176287920257343,1.1440977242489951,1.1734484106606047,1.249289600036764,0.9757906328303451,0.980073675152,0.9480070553537392,0.7829335888802629,0.8978650266071031
144,0.9984345571512792,1.0325297437651866,1.1656810457552327,1.397350260989495,1.346065453106668,0.9439860669725345,0.9672920868809216,0.7762581844612509,0.8693277564088859,1.060897521678283
145,1.0462195034429027,1.2434321207202543,1.1618815090648866,1.2461618440538602,1.2244900798473501,0.9091732902642156,0.7395672801104314,0.7952337037110011,1.049272308471122,1.1071505641824957
146,1.275788535471359,1.3043482106936954,1.1670686262329337,1.0784178131024333,1.0721066810273703,0.8809528399354392,0.7777602935096598,1.1244211741158932,1.1316815968053564,1.037777618532666
147,1.2586897966449873,1.1966084253289901,1.1688851352847012,1.1091939700066888,1.0354335151355607,0.93664953362442,0.8821383382098621,1.1296988010344342,1.028212382347324,0.9770513958847955
148,1.3381663573593052,1.259755835168818,1.1797445505319755,1.0812195478218922,1.202208560169436,1.0340713988712666,1.1890154318799149,0.9522244094417377,0.945295675966894,0.8865042644370088
149,1.2895609865323259,1.3083196270054778,1.18604214451976,1.1997906177937245,1.3072100405406126,1.045900119122591,1.1450045547026215,0.9883937768075384,0.8900593273546922,0.7973457458300963
150,1.4019679646323866,1.3043079601893655,1.1970604463243881,1.2128723440062839,1.3486561853077363,0.997651968758389,1.033589055353974,1.1512005098693958,0.8531778826371158,0.933060704799678
151,1.1578957870348405,1.4047678621325452,1.2176304680797474,1.182192180177884,1.1212021385092605,0.945242271683177,0.9634347674928105,0.7964196272049626,0.881886654694561,0.929835171305837
152,1.1087138007885677,1.2861480161006529,1.195623411037162,1.1946544251205282,1.2247293768499667,0.9066128429760812,0.831374259565862,0.9183540051152003,1.0348343483129119,1.0813256867016428
153,1.2562451455799661,1.3486948979847555,1.206675462120621,1.1715069450607476,1.1139865342227004,0.8578658375386383,0.9147801213171041,1.001465314392186,1.0609869501632798,0.99697519723328
154,1.4417890561405926,1.2774798564130416,1.1685150976550076,1.0962571760722732,0.9339598622955692,0.9179543589151231,0.9673944348239368,1.0903761685354945,1.0023094084929287,0.9350146017623915
155,1.3719039474755057,1.1979690958739528,1.1634907140062425,1.1667516849256634,1.0386947287654449,1.0180126975937136,1.061751528203969,1.1061718637311861,0.9911447189694462,1.0223174901644096
156,1.2132174437056182,1.1808568765559824,1.1660321648277379,1.168933058627246,1.0645373978258565,1.0569142913141807,0.9705882449869712,0.9316051646310719,0.8892623281295082,0.7868529012603811
157,1.0924439041978373,1.159864883474395,1.1626615453755946,1.009315004099018,1.0784712101185419,1.0029878312880358,0.8795112359034679,0.9562185094120846,0.7754547532747653,0.8917373186721527
158,0.9333611911299732,1.1559481292379976,1.1619836866938522,1.2028025664661282,0.9161418089328509,0.9969487659150968,0.905715546295151,0.7895955569602393,0.9196691977003211,0.797199491282834
159,1.091853167378747,1.09577474648878,1.1750038717234288,1.0025778279585165,0.899321132063107,0.9248833130811989,0.7381765710658014,0.8979107630434306,0.9923990135597922,1.0788792562164353
160,1.1898339429457772,1.3188625497011548,1.1997254493611513,0.8674457403241489,0.7361413443774769,0.6687447063858751,0.8720421898082139,1.0704767165257905,1.1775154421005034,1.0203586450572326
161,1.3162794275230452,1.2216562969826166,1.1049961164768562,0.8658785049126794,0.5950246414769979,0.843445909760604,1.0601510392591016,1.170273227404685,1.1397917992270334,0.954966479393331
162,1.1579452441560987,1.023318316412277,1.154367208592542,0.9150012699865682,1.0682933778340784,1.0941093209945323,1.2475895813557512,0.9714247348709297,0.9328849181746988,0.9177373935916062
163,1.0657061932002647,0.9632623042352919,1.1564847068360395,0.9820047142557012,1.1004960194466706,1.1578992547664053,0.9791192691811779,0.9026137529943856,0.8772465504961251,0.8221091262436732
164,1.0786231636685193,0.7922318216627382,1.03174204323858,1.023257660870638,1.3776849626577727,0.9838975649112781,0.9190509410590937,0.8923396192743931,0.7195953730985735,0.8448132535593138
165,0.8861730746804984,0.9415007353368028,1.0267608510248167,1.1382534455061457,3.303239929804387,1.9885155302512485,2.2015515437521604,0.7272964196619991,0.8266393481451737,0.997311340872747
166,0.8147332482116275,1.065039574721531,1.2700185946374103,1.1673455928874912,0.9200910359397954,0.8624655868021311,0.75689787232304,0.8338463108903603,0.9951433838630823,1.1046025060956388
167,0.9646235203454054,1.1379091781585196,1.2134028588558152,1.2482253267806076,1.3930330102586765,0.8920250988558891,0.9487223212410383,1.0374963059861821,1.110494581576231,0.9861968232629955
168,0.8791356378542063,0.9934039128793261,1.1250511638872176,1.1911002305721845,0.9189217504347855,0.8976715531935571,1.0506198295910367,1.0055671098704808,0.8932634896758693,0.7961483988854647
169,0.9018786031527701,0.8126160930075009,1.1208940764590614,0.9984300623023561,1.1424532391757967,1.0239865656737046,1.1157399820829537,0.889541934888103,0.7987798798713113,0.661508767391294
170,0.8923597112698628,0.8116737946330934,0.7833769843327156,1.043153593082128,1.087518707525542,1.1603349046814428,0.9973147670637745,0.9410470261586662,0.7978920502756487,0.59525555126622
171,0.5100910076922814,0.6980313709296655,1.0622897881673283,1.1501682254108723,1.1872658370206906,0.9739655795429046,0.9357387237364576,0.73404627564097,0.5100910076922814,0.5652220199920006
172,0.5100910076922814,0.7795281953352087,1.010588347364346,1.3280807519975846,1.0597305884103418,0.9492024091859271,0.8927286496651422,0.645352232834554,0.741149893711702,0.8489551072326542
173,0.7866779137930685,0.9636470491130346,1.0610474461621924,0.9543241319717133,0.8724880470526031,0.8821646970373428,0.8178830910424902,0.7624568724235096,0.873897268012455,0.9262500116689028
174,0.8802392925589293,1.0191112419666457,0.8126605941965446,0.5829329488910062,0.6712918270124705,0.8042627771380984,0.8627030042129358,0.9133739699268846,0.9569950079843046,0.6826334467274104
175,0.9208686217897629,0.8435101418440694,0.6792053891424383,0.6350964673005287,0.5410553545355467,0.8451217639812747,0.9643649454174371,0.9446482716624972,0.8169312968910705,0.5380944210197871
176,1.078511455651876,0.8769739724931207,0.9833877651567091,0.5058152069885421,0.7307634252639894,0.9605039506360562,1.005966174297771,0.8556979175991204,0.7617767503524947,0.6585593128037086
177,0.9184559849855325,1.0352982163355102,0.7874572066395215,0.6864552584808046,0.7639221549844352,0.9900121308385089,0.9456830982681546,0.8448810446828952,0.7160834600739734,0.6040266269282222
178,0.8757296264927059,0.6992629754492701,0.8561949491649796,0.8376925233973733,0.9428880634438914,0.9158994231601554,0.9201673659170972,0.6820089705571131,0.5183759939247515,0.7663472422970545
179,0.5145718301315323,0.7052016597021445,1.1032437252462617,1.1778967191915992,0.6588545746417702,0.6540195997804064,0.8621748426811551,0.593788854369685,0.7279502377947291,0.9489858699174921
180,0.6937998622640433,0.9510332050698758,1.1077450589518858,1.0379859163416238,0.731631374494915,0.6379157654071985,0.8332344691048937,0.6878673290879588,0.911690012315616,1.0099413721004025
181,0.89226862332624,1.0526961538648414,0.8377541846431773,0.8812645415639946,0.7564743094320844,0.5869568976365369,0.6909485747195976,0.7464514062699101,0.9182709742760792,0.9642165468453865
182,0.8637544768694511,0.8178726913581184,0.8866039621606833,0.9597620368848295,0.6422729055649123,0.7672584178740531,0.855581329174395,0.9206702939288267,0.8399945332205806,0.7451487827703089
183,0.763355528505461,0.7593468858283738,0.8466377147660799,0.6696188832849128,0.8396368479685651,0.905793777091342,0.9302542708427479,0.8212872662930357,0.7604687058558763,0.7345527241857167
184,0.7985948298834581,0.7222482921816271,0.7144793337559052,0.8228460318868758,1.0279680620700842,1.037125209576312,0.8749587107890158,0.7835817695791749,0.7254665895607416,0.5745092203854459
185,0.9002065601154146,0.6550414572060634,0.8797660822474556,1.0451929832080917,1.369223597512356,0.9481726268719921,0.8086237120903796,0.6779452617999177,0.59336304548466,0.7759845241539174
186,0.6414701320251865,0.7826501281087114,0.9108859571814589,0.9746737469198223,1.2155571774971796,0.8105398159257776,0.8496106467195785,0.6331828295181734,0.7793134697028258,0.9658195414148593
187,0.7676594169544377,0.9674537264595903,0.7677760131508895,0.7878179959428302,0.9770150921837399,0.7007465358900725,0.5879437324488175,0.710863343795924,0.9733914813630948,1.0332109553700142
188,0.9427340626453602,1.0095196166393028,0.7881641215970724,0.9054571766421305,1.0301360000537392,0.5854070138766112,0.653447311483935,0.8192920908271981,0.9364047317916215,0.7896563957450621
189,0.9176374279365646,0.8947190447762235,0.8945188463812235,0.9083442880911092,0.7196160493251373,0.6965982619050203,0.9483966214669493,0.9990728211880149,0.6864090013348906,0.676719447185711
190,0.9435468216163483,0.8879946720827859,0.8181876347125031,0.788619218751075,0.92416442631901,0.873738340835652,0.9496106455307615,0.8137486920418836,0.6917267558450583,0.7232629231031202
191,0.8724655672961981,0.8723097809833636,0.6676220720553027,0.8818238767219504,0.9059916684744391,0.9491844442927908,0.8215132480037123,0.7614122580442725,0.7118661293536781,0.6427736266454553
192,0.8510518678012378,0.7031704618117778,0.8782354189741475,0.9120634894187521,1.209199815209047,0.9411473810081654,0.8096134790460526,0.6791417229403451,0.5763526726449637,0.7012446500341416
193,0.7207436873591866,0.7745136539309478,0.8212174815493715,1.1390672493817047,0.9950357011963793,0.7497694482855282,0.6530973822252888,0.5162086252289627,0.5932910379333565,0.775547425456937
194,0.8318327181257832,0.9192318502674158,1.099689700876263,1.042275559971551,0.707538339802491,0.5985036704469042,0.5162086252289627,0.5668278151325805,0.6930352281642382,0.9089585527051164
195,0.9696606817423341,1.0356283464056055,1.0039863191553486,0.7675554995577044,0.7184786343134408,0.5162086252289627,0.5844680857377059,0.7075039121344209,0.871955809810262,0.7646150941336296
196,1.2370801116199521,1.016760604312165,0.9103571524381054,0.794336485559062,0.6411192764609184,0.6351801190081676,0.6714128647794487,0.8767973895344856,0.732039037971668,0.7294536817456345
197,1.0637416805926365,0.9781967148477424,0.8918966415127091,0.7770520158623764,0.9200331789650008,0.8759673501145357,0.7942438610490832,0.6805597710984932,0.6125559544814007,0.691381959040732
198,0.9975818114178528,0.9709727878941564,0.9234590467162277,0.9654599418013793,1.0636219373470905,0.9640478413279778,0.721832934299366,0.6609994286316492,0.6325972024085529,0.5654184267933882
199,0.8893892962721675,0.7465664505907462,1.0040984642981183,1.1603483022653998,1.1742777908077089,0.8785401719010973,0.5995008965652968,0.6350859945032116,0.6190306470111064,0.7342525560834845
200,0.7342669866267673,0.9514678943308863,1.1850858763964218,1.2045381244709454,0.9165509800534211,0.586950174418707,0.534457952060673,0.5162086252289627,0.6929777933155852,0.8237475148757951
201,0.754061715457417,1.001928685710198,1.2694732712676875,0.9461420064194572,0.758707094551734,0.5174741922565098,0.5162086252289627,0.6115563190385518,0.7984559794194663,0.887888416807018
202,0.7100710137518601,0.9706162372237238,0.8446579971432044,0.7798589534499992,0.6246808933631215,0.5162086252289627,0.5283794324169417,0.7189020231435499,0.8339269593354222,0.6660617800734911
203,0.9450557778458212,0.9229043655982601,0.7102156869123581,0.6229619241601627,0.5162086252289627,0.5357739333537239,0.6324981011783948,0.7975215432682007,0.6369506482662426,0.5162086252289627
204,0.9793924569075176,0.9021952357514892,0.6005110375752167,0.5960655016282237,0.6871380157354077,0.653653933285364,0.7444855559626954,0.6490801491937304,0.5800474144283994,0.5223761645340923
205,1.108916238818278,0.9561434219689313,0.5972121904285198,0.8956401844118488,0.8813868362177794,0.9130090951591598,0.7363443642965204,0.7044572528090893,0.6432252413448898,0.6094965358763205
206,0.9323682178835706,0.8123408942443047,0.7598676626472965,0.842732259493335,1.0514172417356564,0.7080499850696,0.5193557685882129,0.6461953796420674,0.6942909047505864,0.7122594051989635
207,0.7337389126837907,0.7918219771502084,0.7886169695873064,1.0654930110253502,0.7026967870668734,0.6496479965323633,0.6191087388721948,0.578367143154441,0.7938621431156231,0.8947959537327723
208,0.8080805371530255,0.9856333333504557,1.0340578567516632,0.927446571676011,0.7865731207032592,0.6194514906555129,0.6388183252261844,0.7010760682040963,0.8342750769705783,0.9189695448434598
209,0.9950175179804291,1.138617735995032,0.8698471195398582,0.6829708741141952,0.655682855010257,0.5500667123806267,0.6630339190396684,0.8811800074990721,0.9970246439028736,0.8978241412223904
210,1.098432326546954,0.9404337871049144,0.6706557018834682,0.7039627912074423,0.6507598439066201,0.6724770622465323,0.879113066947993,0.9200984940787638,0.8806198186203922,0.7644508615798824
211,0.9168635353106311,0.7181021431567212,0.766805561381257,0.6507101041425105,0.8577939532264074,0.8869219658437915,1.0799775516873527,0.8744642165157679,0.652845465120784,0.6441769892750308
212,0.6217559384574894,0.6777268900959285,0.6509162374808004,0.7813823033843202,0.8878081307542081,0.9228114008175261,0.8247326613159596,0.7613998811033444,0.7291146645079052,0.5867880283129274
213,0.5644556486559882,0.46800706401406744,0.8749198756920147,0.9428131565489819,1.011022404342263,0.9064826772776824,0.8599044389069985,0.7711650431644278,0.5258381156157113,0.5651564318165173
214,0.46800706401406744,0.5588078503744781,0.7973144059943422,0.8683394780424213,0.7748783596914491,0.7200768338669639,0.6717716117938798,0.5499720173665785,0.7357732394534839,0.7349660286195536
215,0.5655190584106692,0.825105631865444,0.8465045037809376,0.7357283663960559,0.621789622424157,0.5909552025304952,0.46800706401406744,0.5703852543919229,0.7630238083682107,0.857632806448473
216,0.749188967774522,0.8426394508277856,0.6983929030873145,0.597348007250162,0.4986469627784425,0.46800706401406744,0.5756029395826618,0.725797744077018,0.8771555143146895,0.7701481130089488
217,0.9404311331627689,0.8596826848863897,0.5728410294665984,0.5936380465345459,0.4327126358453691,0.5783140257283821,0.6610600731434796,0.7441352058621507,0.7527175758769529,0.579208098536234
218,0.5916141274444228,0.4883158428630411,0.4423068751363848,0.4516591360364247,0.41924483193338824,0.7332480050741099,0.7425981337680172,0.6836351330720118,0.5471746617581428,0.483632769574028
219,0.5765617658402452,0.44601081287044275,0.41924483193338824,0.5491578357378458,0.77372644621959,0.8728163740310715,0.662137599687153,0.4876002996959612,0.5073173284459896,0.4601309357150468
220,0.5812252523974311,0.4084007339667685,0.4084007339667685,0.46975361479603034,0.7771492698771532,0.7851355124117312,0.4084007339667685,0.6853416005132704,0.6525407265711263,0.681448551225747
221,0.5045684549017015,0.502327057724339,0.4084007339667685,0.6464826932273513,0.7340704992533529,0.6788687163841395,0.42778808772888516,0.6276340424352587,0.6930970577367133,0.7751344832424572
222,0.6014134679263896,0.5907093896388824,0.565070057139266,0.6141376500546254,0.6349959394711455,0.6211289757284266,0.6463582497349033,0.6683255285509303,0.6034172870841281,0.795398446303724
223,0.7867876411508401,0.777650677451382,0.5013561249713681,0.4084007339667685,0.8577359171167628,0.6641308430476125,0.6964520726599136,0.7683011756451544,0.8242450469622205,0.7730234266248719
224,0.944754461605781,0.7622109851262446,0.8586107405780886,0.4995753511362951,0.4307552569130005,0.6475615097811727,0.6468868221179203,0.7787932337394474,0.7692961164689679,0.7077092210246134
225,0.6676555227171505,0.6499715801512244,0.8565783678564381,0.5145222013389257,0.536985789215265,0.7917078358834014,0.9545486679565144,0.7260332017970004,0.72252761083504,0.6471299146821811
226,0.6816207073896279,0.642731069189481,0.8355782612297169,0.649602527772876,0.7734294372128986,0.8228560898123034,0.7336136789653236,0.6828756761261687,0.6656340873083402,0.5768782889556389
227,0.7054076890703653,0.7128651107514372,0.8068228119524066,0.7063592984058207,0.8761830719231919,0.7790497233414564,0.6905220871564257,0.5796684493679706,0.6177380775363388,0.6113081817280155
228,0.6054744045224173,0.6808142774901794,0.748108088068748,1.0279455548558643,1.0148374425289277,0.6719455206555895,0.6023551564459387,0.46203933666212077,0.5639595935916145,0.7549821886712609
229,0.6579521608967636,0.7641681559148928,0.7850530303599801,0.9844207170136536,0.8654892758356745,0.6442806689905438,0.542141426254027,0.5437227489293541,0.7032694428334543,0.7118710470431069
230,0.716196734682514,0.7747473216241838,0.7200154855445811,0.6194227561048727,0.691015591266359,0.5825965942767553,0.5348624792511631,0.6883953880487347,0.684642550848046,0.6028575948373979
231,0.7572499073713173,0.6545359713496879,0.645649015475909,0.6644655479329502,0.6898449402096059,0.6224010616657467,0.7088627435830045,0.7677872439312958,0.6245167043716044,0.5441465033829045
232,0.723309694584482,0.5720265615968141,0.4660153547015921,0.4329906136419669,0.5479688897042923,0.7940956646858583,0.795689546752484,0.7444587233086949,0.5623782506506372,0.46934519470901864
233,0.5604339187295097,0.4002015297114452,0.6950418079148808,0.611035625032091,0.7418633674785874,0.6623962809401466,0.5809043670212041,0.49553279129115874,0.49932702058025635,0.44753333435131926
234,0.5918444982014635,0.4276459639507297,0.5418282991926693,0.7169075249388244,0.7760527117698321,0.6200492070680568,0.548628647266836,0.5181271172952362,0.4285168972486526,0.47099451739572906
235,0.603716980531597,0.5221385423582766,0.6934134332538551,0.8330688652517163,0.718519518700252,0.53162889816325,0.4894894694068538,0.3892887817996877,0.4982080787769444,0.6042543121536244
236,0.5926693122851798,0.7257464402406753,0.6739495225057597,0.7009191869342777,0.5132731402738311,0.47144624257336926,0.467272215984877,0.6105937916108428,0.608943176313581,0.6013803198978387
237,0.5103029015353957,0.7394076174781746,0.5724092460501036,0.49594715126341166,0.5171418226836783,0.3892887817996877,0.48394535100584446,0.5925193739168857,0.5751062455790843,0.5120243464833637
238,0.4382875658909484,0.7546597276089244,0.443654417258326,0.5101732368064351,0.46751753288605186,0.46595637599229844,0.5978141725953577,0.5961370359546426,0.522485841157766,0.41902959247872706
239,0.6000168271820097,0.4871467100120699,0.3828323000034686,0.3828323000034686,0.3828323000034686,0.5713775466761246,0.6437287367171518,0.5937573021026177,0.5071944875083721,0.3828323000034686
240,0.4574609282698228,0.37526245619567705,0.405078770786536,0.4097415905922667,0.5157953652666495,0.6467906073525742,0.5917914509222615,0.4312123859278115,0.4342299310764912,0.37526245619567705
241,0.4087255687549886,0.421449031616245,0.40833425261340217,0.44768839485332934,0.583685918753406,0.5743931638280912,0.5034808351044646,0.37086662455100244,0.37086662455100244,0.37086662455100244
242,0.4738450353355438,0.4389689521800261,0.5616116071628773,0.5595946924414295,0.5573128421732179,0.5453442737876892,0.4963687179562898,0.38699271870337193,0.4540898598479533,0.5980817035644589
243,0.6690136047793555,0.5642221380139031,0.591059350149333,0.475402038768443,0.37086662455100244,0.4952398948812682,0.39440772010936387,0.4572284276773325,0.6423745701616617,0.6558472861326153
244,0.6564171075553148,0.7108864052993882,0.5481921861651178,0.43354826874985,0.4225231708107873,0.43176777518854853,0.4991351417951806,0.4994822186382154,0.6569272795184493,0.6024067312013732
245,0.5800732359046771,0.6666093775436418,0.5887037384783523,0.5387752279218555,0.5080742762004289,0.4242171899534111,0.6049409584995667,0.6425807088874138,0.6192527212829954,0.5955846622238385
246,0.6407561399861454,0.7380162457784001,0.616689898255649,0.5906602516940205,0.5223823087952294,0.6365793985713751,0.7384687362351503,0.6009126106637379,0.5367530186703096,0.5980126479175054
247,0.7127146026081961,0.7486945678107664,0.6082988519281418,0.5774235173649922,0.5472292562884493,0.718181221521339,0.5987365645792447,0.5086031722259186,0.5490171918282549,0.5459900209800487
248,0.4860449921305464,0.5511233428994733,0.5585081362294027,0.7263171693492608,0.8025760566589701,0.6198668855576404,0.6497800576968968,0.47818381621811085,0.4905549316149496,0.5974660716334442
249,0.37086662455100244,0.45401425911716486,0.6058224163206234,0.8020662871834368,0.7047375650909818,0.5279561564313827,0.5262765772313536,0.37086662455100244,0.5113484775042448,0.742648189552892
250,0.37086662455100244,0.6733693053779921,0.6579518668544457,0.6473492986096437,0.602941783528201,0.45217348697784776,0.44752946592577814,0.4286903755470775,0.6113308620376668,0.7644405262543247
251,0.39872835631293124,0.7211316882090234,0.5879671170434677,0.5533920322551023,0.5228539724650156,0.40275790835126735,0.49286051950654647,0.5810027330172656,0.6453551100296259,0.6629064591578968
252,0.6277457875956335,0.5945850757103324,0.5794995901164061,0.5368381479281645,0.4870851113988939,0.4685887913122896,0.6095696156443628,0.644777688252134,0.5991303165761261,0.585216065319461
253,0.4799067434568541,0.4512875386749645,0.6688176255654456,0.4953444610934753,0.5174503955606716,0.49713147790523177,0.5987284591277262,0.5290724932966213,0.6264295407119851,0.5781685764609656
254,0.3626361377199046,0.3976732567433392,0.48792287853109867,0.4968476375646377,0.5468242448579383,0.6274694703731067,0.5032058994022484,0.41183052476441684,0.39051784769921116,0.3905782301858026
255,0.3775922328808446,0.3626361377199046,0.45284581058502493,0.5230499562358206,0.6056589499403093,0.5494716927411238,0.46306897625656984,0.37087084222685324,0.3626361377199046,0.4374360634190041
256,0.3626361377199046,0.4528529105479964,0.5375966605748774,0.5942041820167869,0.5026738602515376,0.44516227261567426,0.38692242711121416,0.3626361377199046,0.43952445764712644,0.6127726660141032
257,0.38515496217251444,0.9130984778892799,0.578822359548452,0.4885032109701241,0.46751031365866336,0.38980741386100903,0.3558188960784725,0.3957295079260479,0.5747654579788999,0.6249675330602058
258,0.5409253644108141,0.5843323546513653,0.4857754373035513,0.44081433184353974,0.3994067207615163,0.3528078796005743,0.43057121553920225,0.538487097544965,0.6307261041856311,0.5603310855348294
259,0.5412356031911304,0.3486344258032675,0.4205919464420655,0.40533797655276405,0.38586092267606514,0.42063143898345934,0.5759413429795315,0.6198653369523799,0.5745233522184121,0.5145956086861305
260,0.3486914920875794,0.3406140042783334,0.3406140042783334,0.3988528955703591,0.4307929450126112,0.5369614856430028,0.561529881810954,0.4738848892233155,0.4602993212263925,0.4636227681113107
261,0.4280753690650918,0.3406140042783334,0.35221607304447133,0.40979784677062797,0.5429112910062075,0.5996445644783244,0.5006803347735014,0.3919588824029191,0.4085541272132849,0.4175818129558264
262,0.38632750728276,0.3827862562832247,0.3406140042783334,0.4573762436345684,0.5027035386967778,0.47255113087242484,0.3551198380923961,0.3416989534175189,0.37554150348197024,0.4515829127421732
263,0.47147382598900517,0.5211581308018773,0.4348412808148947,0.5154552690799687,0.4656114017016642,0.3446952938843435,0.35899051527874537,0.3406140042783334,0.4328764970495915,0.5800628028775802
264,0.550757333925982,0.7076633783369096,0.6488438525103608,0.47901124617919655,0.3930421776675884,0.3406140042783334,0.3440585191876492,0.35003463166789894,0.5447530487173742,0.5991352400942643
265,0.8311549840697731,0.7697941204839878,0.6433844522532961,0.39503069444095895,0.3275516259018705,0.3275516259018705,0.4419079751610484,0.536464468281894,0.607776171506961,0.5345672904685534
266,0.8794832446245124,0.6782409554896827,0.4541089638067404,0.38120516665141846,0.3275516259018705,0.39327696941195833,0.5599104465196709,0.6082442409140574,0.5376952253966251,0.44417168084916464
267,0.6643606477262219,0.40161235278498,0.3739670191260765,0.4008944068115855,0.3764810267763059,0.5869632989141971,0.6726463826757854,0.5455476155482659,0.4651578952000691,0.41355356019009154
268,0.3663053498644288,0.3275516259018705,0.3527450168639889,0.48907485456950506,0.5770417600002414,0.6419436240962026,0.5522050595610698,0.4672571775305491,0.4091898969871883,0.3313841842765867
269,0.3275516259018705,0.3275516259018705,0.47154593515988075,0.5631090746042191,0.6004740645031942,0.5348821717996162,0.4398511538142348,0.4161936302033681,0.3847622486624005,0.45626783965754536
270,0.3275516259018705,0.3275516259018705,0.5135137940478818,0.6092665158646463,0.5181741985752482,0.48810900478954067,0.38698303360066544,0.34742216207477317,0.42031104691441284,0.5509715833176199
271,0.3070373435260887,0.39671261831610694,0.5570844707410069,0.523126437857566,0.43404874422892376,0.427959508829891,0.41199854140435976,0.4181480762467246,0.5463331522622081,0.5761271596717895
272,0.5664229357044581,0.643408655599774,0.5102105019804007,0.42168888117750025,0.3787969668702156,0.38325567240284814,0.4663571150949985,0.5519705449405602,0.5890071925312705,0.48939109181362883
273,0.68598369414928,0.6083389267219724,0.473930939971009,0.45060661925147605,0.45726666174087605,0.4617419691989286,0.5778453483191978,0.5776711994884114,0.5225425011899427,0.41708143824179844
274,0.4939752280669826,0.520093636015098,0.42656707412378003,0.4558081806128297,0.5079798929351047,0.5572155756495397,0.5607309508859065,0.45516728347177177,0.4578700175503821,0.378802683150731
275,0.4379533071259446,0.5076236038590997,0.42936356327706876,0.4378517229961726,0.474925452224932,0.5927334020192272,0.46235622959587097,0.41796463061162226,0.4181870741983494,0.36592269942324496
276,0.4949193549762284,0.44782344498713267,0.3885785625268007,0.4462975680775768,0.5075695682068371,0.5463897511506158,0.4737542587684255,0.4011149017886833,0.35275337121183603,0.3371506574187906
277,0.29094716381833247,0.4166152883304267,0.5044675120225266,0.5719131075919944,0.518864120530287,0.5136909487800634,0.46951252979889474,0.35161284231321854,0.4181642135055097,0.5226040046737139
278,0.3875307548184572,0.5789737516045772,0.5768613567211129,0.5084484385503192,0.5107979107293986,0.42072427686981556,0.4094305056267891,0.4370022528061419,0.5844137145873113,0.5503626709850957
279,0.4513966417001326,0.6278262244873061,0.5940448364922157,0.5002003722943157,0.4882484314129682,0.3860608879027725,0.46327857953900065,0.5558580327624092,0.6155804427357401,0.5286512771918557
280,0.6695701504400136,0.545373854510558,0.442546060957298,0.4877981438054604,0.48178015315252887,0.45273061433213735,0.5689929047207498,0.6066092828479006,0.5433920530815599,0.4249775193136638
281,0.51483350394318,0.5036074436177136,0.4710673302880029,0.49944573737802506,0.5311665476943335,0.612752889038356,0.5737308045913286,0.50499729130305,0.4717669930455861,0.38822026099776163
282,0.4756427528942035,0.5662640812508686,0.4668042290438533,0.49842340786246586,0.5495218342692545,0.6169895310587916,0.5237877814687691,0.4581538831838566,0.44036398566737156,0.3646786340975561
283,0.4762896923030112,0.5236015634756106,0.46471997544399984,0.5529620145904875,0.5844245589318495,0.4934104710081946,0.5050478357915013,0.36151858431918293,0.31763822673027187,0.3731295607956558
284,0.3664528769305515,0.35660183194334816,0.5542307820333272,0.5736716652979947,0.5059191559458615,0.4776280204606964,0.48149385584149795,0.3265898524436486,0.4509933881610141,0.5738232302111437
285,0.45926206688022764,0.7135921318168521,0.6074330199263378,0.6309651239113927,0.4644177652993848,0.39967252922327445,0.43611569819511775,0.4078931171674224,0.5786122700490886,0.61282032237871
286,0.6811595188720316,0.719636368445375,0.5561339553276153,0.41597028856079565,0.2955213404577889,0.2855054069758186,0.48525295794489054,0.5464261207514278,0.5923320853168045,0.5203986252923329
287,0.6930329117295547,0.6085907618798094,0.4652214278558434,0.3599616686813971,0.35883754765452774,0.3734793651444337,0.5721103130193959,0.5990573037665656,0.5191273550741187,0.4744771620568757
288,0.6375269152541169,0.5974736627598437,0.4435435231605365,0.38247927876716253,0.4597043404087072,0.5784545899569629,0.5242693652459951,0.4492449658575017,0.4703208132019143,0.4234361139664532
289,0.6065735858666852,0.6038343825042539,0.46779228219070257,0.39784450566617746,0.5809620748496173,0.6370442779314277,0.46343319218773515,0.41782882700767676,0.3921851856062133,0.3453465657728893
290,0.6174984130280009,0.5128253383285202,0.5062793104444383,0.6309574514352932,0.5400746174479795,0.5030078871238806,0.4091114318070955,0.399100125502831,0.3586190780562283,0.40068371105982786
291,0.42533914142072754,0.4540145746777644,0.6466028154119632,0.5332227089550479,0.4719274781013757,0.46440731233420196,0.4027115699448188,0.38078818734577974,0.4261489439752522,0.5151164503498856
292,0.37794232914178805,0.5733719650213474,0.5745733635276978,0.5291208512731113,0.535143274776243,0.43255500477847125,0.378153164054479,0.4587538279289366,0.5667655996024386,0.5529559556485502
293,0.5896750312370543,0.5195678309814696,0.503138523675659,0.520208445677444,0.4664547070478794,0.3935479900257754,0.46870319369713165,0.6062864584193248,0.6197163347413777,0.49483682739526735
294,0.4247242372692205,0.41997979914054007,0.5193896722212432,0.5211412462055288,0.526405287408104,0.46022294506824424,0.5857578056551219,0.6232426163917585,0.5281221863531853,0.484924139960708
295,0.3609356903307703,0.42334386434387766,0.47245184248100935,0.4941666060200853,0.547649529199365,0.6326805745787094,0.5862873126132772,0.5000630617517425,0.46292395230287087,0.43451701170791357
296,0.2855054069758186,0.2855054069758186,0.34464987365988,0.520856330229161,0.5990046413727588,0.6741246418554185,0.5423282655102102,0.4498309853548782,0.42026071768934603,0.40662148609025706
297,0.28981985099213237,0.2855054069758186,0.378434691917807,0.5567465511722253,0.5657029250334602,0.551408571613982,0.5417397810898097,0.4218963330372739,0.3755355999950577,0.4582644335463164
298,0.2855054069758186,0.38387487846760443,0.5762324766994557,0.573981969802714,0.6666529544284827,0.49168345303202243,0.46547304202580814,0.37196725632622274,0.41809092387128366,0.585283435336529
299,0.2855054069758186,0.5441026540844776,0.5447954011241543,0.5054458378655211,0.5236431636328251,0.46157273664566767,0.3911156255967131,0.4434270680713084,0.5777778296286362,0.5854967695629316
300,0.5545959244842947,0.5301624401259535,0.4176102514244956,0.4833622679467554,0.5124215241882242,0.3345976075266901,0.45764455755638617,0.5688572220997601,0.6152611304215474,0.5263668785098754
301,0.5110068871825345,0.3395919934370185,0.3542678301397674,0.5037086590119055,0.5103881167054132,0.3974511503737683,0.5913151662903684,0.5612375095693509,0.4899894664708303,0.4690080443096152
302,0.27565894699708615,0.27565894699708615,0.28874676829136114,0.34409866887864893,0.5082971074667186,0.5484524099854007,0.6045765125300423,0.5083572717675022,0.46841079674175135,0.45079793584348143
303,0.2715743270023961,0.2715743270023961,0.2823351520906383,0.37821257065638914,0.5315668963178948,0.574585396889596,0.47347415626602096,0.4472691746175427,0.4093221118934304,0.414036127712504
304,0.3081094448308345,0.2622257238605034,0.4125558821555494,0.5075700475812173,0.493565818572787,0.5131623603216304,0.442927236584247,0.3941371591694779,0.36633339230247103,0.44615947596510397
305,0.2381346180608468,0.2381346180608468,0.5015789278938473,0.4632906403440969,0.36286875483276865,0.4782033019475658,0.40201063285961897,0.3479658686531971,0.43111446950861754,0.5576395293119378
306,0.23946161691857082,0.46421446721517934,0.4493765692353161,0.3811692330047222,0.3371446220837617,0.42527639520096844,0.4255511147177822,0.45974590732612003,0.5970020636817039,0.5946821567821248
307,0.41153655557333096,0.355733688687348,0.3402756977408446,0.4042960184733618,0.368197143421225,0.41230352275939025,0.5053871754803508,0.6259577966490014,0.6206465788680453,0.5370431689097173
308,0.430021064488991,0.44006707356555164,0.392811067884604,0.42300737964783425,0.44271432706673886,0.4868458390871102,0.5892517234205487,0.6142281110386592,0.5400751479114572,0.5043475315426769
309,0.3600476584391412,0.33494369207135966,0.38557409945518034,0.43045033445963093,0.47772000550805677,0.6001911401207314,0.6166083239992374,0.5142445076364635,0.48671706046318974,0.44990368434879235
310,0.3205382519317881,0.32053419675905603,0.3685436219023455,0.47643819847440655,0.4723253527396126,0.6062324403220072,0.5485370091017935,0.4705359698145014,0.44392828529753625,0.39455669828935713
311,0.25915073380708165,0.2857084996273941,0.36340349576233694,0.4727113936223279,0.47048492007563525,0.536431627735299,0.5066022260546262,0.43542767051432896,0.39805591390877537,0.4394878160488387
312,0.3050544636477517,0.35858999754851734,0.5562215676820426,0.4682930297905901,0.4684654495415302,0.470726390898466,0.44571083120075705,0.36557667341673183,0.4281427920445021,0.521430349434223
313,0.36411427568251314,0.5635545695082725,0.4904681170060935,0.4662356573489282,0.46715268364906837,0.4423813017415015,0.39139631135971187,0.4293586701030208,0.5232306581356363,0.5293958816454867
314,0.5906708752246694,0.503161000277326,0.42565914806526584,0.45189615881254735,0.46645338041255935,0.38804173323880986,0.4388624595373379,0.5517276277238048,0.5644716127657544,0.484342570132809
315,0.5391008908176793,0.46538981747069397,0.4699191961463118,0.4525248758153003,0.46786150909439234,0.4383467619606153,0.5596446951660499,0.5890746001702489,0.5123649351466769,0.4681138806477475
316,0.498633899478609,0.40001784414656727,0.4718857508070624,0.45832794187942505,0.46689389149314425,0.5390373414671317,0.5739467382672878,0.479764779926768,0.4517877075737705,0.43029487304693803
317,0.41910487160524384,0.3513760993385038,0.39568275504427475,0.4674739665593496,0.46243469123464226,0.5603334211082178,0.5188890964382816,0.46453402417812684,0.42231114278339427,0.3719135217331916
318,0.4238539204799399,0.3205523561783365,0.4394991307196925,0.464539897843134,0.4635014013939073,0.5087558439052318,0.4726230790702366,0.4172255972409791,0.37254873777920594,0.44515786455615236
319,0.20442719435477338,0.4076078283150447,0.6257986712864108,0.4630676837840394,0.4611016332066483,0.4933371139254402,0.46161159445429684,0.4140657050662474,0.4522776191927822,0.5933877915551933
320,0.2974486954217681,0.5706310430529613,0.5194102782089105,0.4575203906138856,0.4554506223130824,0.4521424125335199,0.40295412962945526,0.4731927741688935,0.6276338462802791,0.6066511686960222
321,0.7062004061469399,0.6594674424033982,0.5055018224938614,0.4590425541223234,0.4294553457942805,0.36292531546468165,0.45374934909054193,0.6489967179283458,0.6317203733194747,0.5398054908931079
322,0.4606094798851636,0.3945612540205426,0.40134929412039444,0.4292385634872041,0.35756139340058696,0.4498450991407168,0.6134390194516018,0.6700840163792046,0.5011360264701556,0.4859506178800584
323,0.4315476897146457,0.3494136372515565,0.3480847318697421,0.3785421724252838,0.3970762493570884,0.6163668813583001,0.6261410214627907,0.5689930439557414,0.5169131951340393,0.4679072940468379
324,0.42150162822535703,0.39927643346379904,0.31046672482604215,0.42575149341587654,0.5082914437573308,0.5927062729212935,0.5637040167124486,0.5013874273941993,0.4518622607617636,0.42624424656310056
325,0.4644437467711487,0.4779163245865341,0.4463934185372882,0.4900436903102648,0.4552510375073577,0.5389210386656227,0.5061313661418112,0.43392175630251206,0.39873801988759316,0.46582165732139047
326,0.41696897650481435,0.5518909863312925,0.5998944552344418,0.41960164486738727,0.44803337558351086,0.45941030200422917,0.45554604884107813,0.39219757075006517,0.42053040122089697,0.5251560540150025
327,0.4445888775006538,0.649945730601956,0.4778132918316915,0.43392448117219823,0.4610517501045135,0.4222451805978912,0.39249608200906116,0.4501104535998443,0.5717128234007619,0.5742439799530226
328,0.6068867579848505,0.5000683801337624,0.4139709408050625,0.41210746085207134,0.4088062556820788,0.39171491698009814,0.4683843594452579,0.6000969380117096,0.5815661199609367,0.4488860716849892
329,0.6631846087236335,0.6784228065611851,0.4976122045257292,0.4543005976653321,0.4311999161561184,0.4467474910337179,0.5970629690940445,0.6076065996731728,0.5507506217149885,0.4723352958927324
330,0.85419371840938,0.6971314110950954,0.5353854322656937,0.4528466046040912,0.4447599302744605,0.5567886699510904,0.598567721519035,0.5451232851449106,0.4708904720918103,0.21513484133863914
331,0.6464536742783664,0.5248133633517413,0.6411173230883394,0.48227331765438225,0.47095657481077563,0.5925075992424809,0.5114380335849276,0.44585456999722034,0.37269073318003826,0.30069183357505325
332,0.7295755237905281,0.3967373081312912,0.5043140558844791,0.4666665122601645,0.4722724832557189,0.5383246132824644,0.47286890808092763,0.38645133104088386,0.2839269818900658,0.3526772422076164
333,0.5263968661207729,0.5134556183545197,0.6181739645259696,0.4697930040232754,0.47039706300159767,0.5101839936577233,0.4890402280229701,0.3768914409819192,0.3942863249067981,0.5638805834022775
334,0.6421963113049789,0.7729680998094333,0.6303357136100828,0.47123658440709504,0.4720128511072935,0.4686957764632422,0.435519060963497,0.454052162980759,0.5735208467365307,0.5458440894390746
335,0.8329585650990068,0.7716635761322324,0.7386033063585018,0.4739661200113782,0.47534050113182125,0.4180516217733662,0.4923662520632599,0.6339774814262844,0.6482670863992559,0.48708674478242436
336,0.7398288191871423,0.6604213723837222,0.6301449656941231,0.47706298778168965,0.47826568054032265,0.4458837127110957,0.592961936413822,0.6965512722396463,0.6008733345212122,0.536610620672185
337,0.4537634125128101,0.5348531459179927,0.429509830197944,0.47946901105936174,0.4799374325304229,0.566390005469478,0.6170199292290417,0.5704422123806463,0.550152602175852,0.3808690384807673
338,0.4644724215229743,0.5487967384444126,0.4916932686466886,0.4800591467105856,0.48076633159153137,0.6128079385051631,0.5991698524901223,0.5932797465298716,0.5129126580735568,0.39340030166979595
339,0.39409858142143817,0.4842420079791472,0.384122164604039,0.48131793383037025,0.48364553712266783,0.5454059670491928,0.5294370308166925,0.6070546645083994,0.49576955792323074,0.6083761877390763
340,0.3046676571258191,0.38575583038677336,0.5792071485689598,0.4816127014914917,0.4832092832836838,0.5310777534526554,0.5027063719629963,0.40963192828568395,0.4627020595351272,0.6289179245847247
341,0.5271363024310821,0.6447337889535099,0.5072948144974044,0.48117479221466075,0.48344754147512004,0.49355480782557026,0.39711061617650045,0.4576708811245641,0.6279630975720876,0.6263881612213119
342,0.8520256372004387,0.7333593170571637,0.462236861288321,0.5214283904036927,0.48366502956100804,0.44510608744068103,0.5040618744968536,0.6330669908316908,0.6554594590921466,0.5595655989311967
343,0.5682627442861632,0.6261683058300099,0.4987471340032995,0.48565657491227654,0.48644248027288983,0.49423140960302636,0.5999274771561995,0.6423826414372827,0.5866599281346223,0.503473868762175
344,0.5137262937778955,0.611567592469304,0.6002661456044219,0.6435341360002723,0.48621000280027254,0.6114069193701162,0.6515756939278996,0.5645987410220636,0.5419210668633007,0.5255304731069262
345,0.4780552835463128,0.6300959507535935,0.6180649542111062,0.6527065243111084,0.4878088637020317,0.6316219054252381,0.5784062073891572,0.5426373739924351,0.5049263659583532,0.44508655010503406
346,0.6697589046401705,0.5833386623009054,0.6081631780160378,0.8365470534889288,0.48888878701580524,0.588591786729484,0.5648912469343897,0.4921017297545114,0.41792134255249447,0.4950650454344713
347,0.4099237253047837,0.5733013190478241,0.7486643651264128,0.7530458556659256,0.49229174771007517,0.6990555003154415,0.5278874788944907,0.42866773071940556,0.5124210897506696,0.7043744798940954
348,0.46695699025882254,0.7747028918372753,0.6926492715772128,0.5817285764181346,0.490290241682752,0.5033559330202046,0.4475202299606943,0.4901291073270193,0.6886695177333292,0.743306712915377
349,0.5930988748772692,0.6494022532248531,0.5664484774840306,0.5305969054100994,0.4886196104652021,0.4513042166419083,0.5154882082965349,0.6722950312241502,0.6670176749514376,0.5362970173005058
350,0.5706292807200851,0.46964952228947016,0.4844836323225469,0.4901441421928563,0.4874009600509554,0.490752053034915,0.717328134185413,0.7111615433985284,0.6477352693413403,0.6354782875806713
351,0.6119500538410774,0.5417101873672031,0.4840407007878146,0.3979604471807985,0.4868460991678769,0.706751650130126,0.714596757194669,0.6302642022891598,0.589410371647078,0.5274957251715315
352,0.6437885462830497,0.6290590217595594,0.41563196103956707,0.42626979376523705,0.6069251703898799,0.689673763751959,0.6397214860262557,0.5811408346319575,0.500984674777164,0.4194196828907129
353,0.5288569255860477,0.49283636168513645,0.5888482777409839,0.7589565650628265,0.7747406979657436,0.6638950883249838,0.6203553243863063,0.532777159588462,0.4001300197027219,0.4960882436118823
354,0.2741114012216977,0.36064608344953714,0.6273783009526542,0.5182568861039184,0.4988229098280439,0.5945982982851642,0.5325051380031816,0.41862431755117735,0.4551437773360866,0.6591583082755824
355,0.46251560271852954,0.5379889089085576,0.5309936112272008,0.46964179944769846,0.5749003718944666,0.5813683003411556,0.5015830835225432,0.51507849347874,0.6971387504279203,0.6889409399028015
